<?xml version="1.0" encoding="utf-8" ?>
<Datatable xmlns:xsd="http://www.w3.org/2001/XMLSchema" xmlns:xsi="http://www.w3.org/2001/XMLSchema-instance">

  <!-- Improvement: Unit cost reduction 3 -->
  <TechnologyDefinition Name="TechnologyDefinitionUnitCostReduction3" Visibility="Visible">
    <AIInfo>
      <InterpreterPrerequisite Flags="Forbidden">false</InterpreterPrerequisite>
    </AIInfo>
    <SimulationDescriptorReference Name="TechnologyUnitCostReduction3"/>
    <CustomCost ResourceName="EmpireResearch">$Property(EmpireTypeMajor/ClassResearch:TechnologyCost)* $Property(EmpireTypeMajor/ClassResearch:Era6CostMultiplier)</CustomCost>
    <PathPrerequisite Flags="Prerequisite,TechnologyEra">EmpireTypeMajor/ClassResearch,TechnologyEra6</PathPrerequisite>
  </TechnologyDefinition>

  <!-- Empire bonus: Expansion disapproval 3 -->
  <TechnologyDefinition Name="TechnologyDefinitionExpansionDisapprovalReduction3" Visibility="Visible">
    <AIInfo>
      <InterpreterPrerequisite Flags="Forbidden">false</InterpreterPrerequisite>
    </AIInfo>
    <UnlockCategoryOverride Category="Empire" SubCategory="SubCategoryApproval"/>
    <SimulationDescriptorReference Name="TechnologyExpansionDisapprovalReduction3"/>
    <CustomCost ResourceName="EmpireResearch">$Property(EmpireTypeMajor/ClassResearch:TechnologyCost)* $Property(EmpireTypeMajor/ClassResearch:Era6CostMultiplier)</CustomCost>
    <PathPrerequisite Flags="Prerequisite,TechnologyEra">EmpireTypeMajor/ClassResearch,TechnologyEra6</PathPrerequisite>
  </TechnologyDefinition>

</Datatable>
