<?xml version="1.0" encoding="utf-8" ?>
<Datatable xmlns:xsd="http://www.w3.org/2001/XMLSchema" xmlns:xsi="http://www.w3.org/2001/XMLSchema-instance">
  <!-- UNIT Type -->
  <SimulationDescriptor Name="UnitSizeTiny" Type="UnitSize">
    <SimulationPropertyDescriptors>
      <SimulationPropertyDescriptor BaseValue="12" Name="NumberOfPawns"/>
    </SimulationPropertyDescriptors>
  </SimulationDescriptor>

  <SimulationDescriptor Name="UnitSizeSmall" Type="UnitSize">
    <SimulationPropertyDescriptors>
      <SimulationPropertyDescriptor BaseValue="12" Name="NumberOfPawns"/>
    </SimulationPropertyDescriptors>
  </SimulationDescriptor>

  <SimulationDescriptor Name="UnitSizeMedium" Type="UnitSize">
    <SimulationPropertyDescriptors>
      <SimulationPropertyDescriptor BaseValue="6" Name="NumberOfPawns"/>
    </SimulationPropertyDescriptors>
  </SimulationDescriptor>

  <SimulationDescriptor Name="UnitSizeLarge" Type="UnitSize">
    <SimulationPropertyDescriptors>
      <SimulationPropertyDescriptor BaseValue="1" Name="NumberOfPawns"/>
    </SimulationPropertyDescriptors>
  </SimulationDescriptor>

</Datatable>
