<?xml version="1.0" encoding="utf-8" ?>
<Datatable xmlns:xsi="http://www.w3.org/2001/XMLSchema-instance" xmlns:xsd="http://www.w3.org/2001/XMLSchema">
  <XmlMapping Name="ClassArmy">
    <GameObject Name="ClassArmy" Prefab="Prefabs/Armies/WorldArmy"/>
  </XmlMapping>

  <XmlMapping Name="ClassConstruction">
    <Node Condition="$(ConstructibleElementCategory) eq 'PointOfInterestImprovement'">
      <Node Condition="$(Type) eq 'Village'">
        <GameObject Name="($(ConstructibleElementName))" Prefab="Prefabs/Environments/PointsOfInterest/Construction_PointOfInterestImprovement_$(ConstructibleElementName)_00"/>
        <Fallback>
          <GameObject Name="($(ConstructibleElementName))" Prefab="Prefabs/Environments/PointsOfInterest/Construction_PointOfInterestImprovement_$(Type)_00"/>
        </Fallback>
      </Node>
      <Node Condition="$(Type) eq 'ResourceDeposit'">
        <GameObject Name="($(PlacementCursorClass)_Ghost)" Prefab="Prefabs/Cities/$(AffinityMapping)/Construction_PointOfInterestImprovement_$(Type)_$(ResourceType)_00"/>
        <Fallback>
          <GameObject Name="($(PlacementCursorClass)_Ghost)" Prefab="Prefabs/Cities/BrokenLords/Construction_PointOfInterestImprovement_$(Type)_$(ResourceType)_00"/>
        </Fallback>
      </Node>

      <GameObject Name="($(ConstructibleElementName))" Prefab="Prefabs/Cities/$(AffinityMapping)/Construction_PointOfInterestImprovement_$(ConstructibleElementName)_00"/>
      <Fallback>
        <GameObject Name="($(ConstructibleElementName))" Prefab="Prefabs/Cities/$(AffinityMapping)/Construction_PointOfInterestImprovement_$(Type)_00"/>
        <Fallback>
          <GameObject Name="($(ConstructibleElementName))" Prefab="Prefabs/Cities/BrokenLords/Construction_PointOfInterestImprovement_$(Type)_00"/>
        </Fallback>
      </Fallback>
    </Node>

    <Node Condition="$(ConstructibleElementCategory) eq 'DistrictImprovement'">
      <GameObject Name="($(ConstructibleElementName))" Prefab="Prefabs/Cities/$(AffinityMapping)/Construction_$(ConstructibleElementName)_00"/>
      <Fallback>
        <GameObject Name="($(ConstructibleElementName))" Prefab="Prefabs/Cities/BrokenLords/Construction_$(ConstructibleElementName)_00"/>
      </Fallback>
    </Node>

    <Node Condition="$(ConstructibleElementCategory) eq 'FreeDistrictImprovement'">
      <GameObject Name="($(ConstructibleElementName))" Prefab="Prefabs/Cities/$(AffinityMapping)/Construction_$(ConstructibleElementName)_00"/>
      <Fallback>
        <GameObject Name="($(ConstructibleElementName))" Prefab="Prefabs/Cities/BrokenLords/Construction_$(ConstructibleElementName)_00"/>
      </Fallback>
    </Node>

    <Node Condition="$(ConstructibleElementCategory) eq 'UnitDesign'">
      <GameObject Name="($(ConstructibleElementName))" Prefab="Prefabs/Cities/$(AffinityMapping)/Construction_$(UnitBodyDefinition)_00"/>
      <Fallback>
        <GameObject Name="($(ConstructibleElementName))" Prefab="Prefabs/Cities/BrokenLords/Construction_$(UnitBodyDefinition)_00"/>
      </Fallback>
    </Node>
    
    <Fallback>
      <GameObject Name="($(ConstructibleElementName))" Prefab="Prefabs/Cities/$(AffinityMapping)/Construction_$(ConstructibleElementCategory)_00"/>
      <Fallback>
        <GameObject Name="($(ConstructibleElementName))" Prefab="Prefabs/Cities/BrokenLords/Construction_$(ConstructibleElementCategory)_00"/>
      </Fallback>
    </Fallback>
  </XmlMapping>

  <XmlMapping Name="ClassDistrict">
    <GameObject Name="ClassDistrict" Prefab="Prefabs/Cities/WorldDistrict"/>
  </XmlMapping>

  <XmlMapping Name="ClassPointOfInterest">
    <Node Condition="$(Type) eq 'QuestLocation'" >
      <Variation Weights="20;20;20;20;20" Values="00;01;02;03;04"/>
      <GameObject Name="PointOfInterest:QuestLocation" Prefab="Prefabs/Environments/PointsOfInterest/WorldPointOfInterest_QuestLocation_$(QuestLocationType)_$(Variation)"/>
    </Node>
    <GameObject Condition="$(Type) eq 'ResourceDeposit'" Name="PointOfInterest:ResourceDeposit" Prefab="Prefabs/Environments/PointsOfInterest/WorldPointOfInterest_ResourceDeposit_$(ResourceName)_00"/>
    <GameObject Name="PointOfInterest:$Descriptor(PointOfInterestType)" Prefab="Prefabs/Environments/PointsOfInterest/WorldPointOfInterest_$Descriptor(PointOfInterestType)_$Descriptor(BiomeType)_00"/>
    <Fallback>
      <GameObject Name="PointOfInterest:$Descriptor(PointOfInterestType)" Prefab="Prefabs/Environments/PointsOfInterest/WorldPointOfInterest_$Descriptor(PointOfInterestType)_00"/>
      <Fallback>
        <GameObject Name="PointOfInterest:Default" Prefab="Prefabs/Environments/PointsOfInterest/WorldPointOfInterest_Default"/>
      </Fallback>
    </Fallback>
  </XmlMapping>

  <XmlMapping Name="DefaultPathRenderer.TransitionFromGroundToWater">
    <GameObject Name="MovementPoint" Prefab="Prefabs/Interface/Pathfinding_TransitionFromGroundToWater_00"/>
  </XmlMapping>

  <XmlMapping Name="DefaultPathRenderer.TransitionFromWaterToGround">
    <GameObject Name="MovementPoint" Prefab="Prefabs/Interface/Pathfinding_TransitionFromWaterToGround_00"/>
  </XmlMapping>

  <XmlMapping Name="Encounter">
    <GameObject Name="WorldEncounter" Prefab="Prefabs/Encounters/WorldEncounter"/>
  </XmlMapping>

  <XmlMapping Name="Item.Generic">
    <GameObject Name="Item:$Descriptor(ItemClass)" Prefab="Prefabs/Items/$Descriptor(ItemClass)/$Descriptor(ItemClass)$Descriptor(ItemMaterial)Tier$Descriptor(ItemTier)"/>
    <Fallback>
      <GameObject Name="Item:$Descriptor(ItemClass)" Prefab="Prefabs/Items/$Descriptor(ItemClass)/$Descriptor(ItemClass)$Descriptor(../ClassUnit:UnitType)"/>
      <Fallback>
        <GameObject Name="Item:$Descriptor(ItemClass)" Prefab="Prefabs/Items/$Descriptor(ItemClass)/$Descriptor(ItemClass)"/>
      </Fallback>
    </Fallback>
  </XmlMapping>

  <XmlMapping Name="Item.RovingClansBerzerk">
    <GameObject Name="Item:$Descriptor(ItemClass)" Prefab="Prefabs/Items/$Descriptor(ItemClass)/Berzerk/$Descriptor(ItemClass)$Descriptor(ItemMaterial)Tier$Descriptor(ItemTier)"/>
    <Fallback>
      <GameObject Name="Item:$Descriptor(ItemClass)" Prefab="Prefabs/Items/$Descriptor(ItemClass)/Berzerk/$Descriptor(ItemClass)$Descriptor(../ClassUnit:UnitType)"/>
      <Fallback>
        <GameObject Name="Item:$Descriptor(ItemClass)" Prefab="Prefabs/Items/$Descriptor(ItemClass)/Berzerk/$Descriptor(ItemClass)"/>
      </Fallback>
    </Fallback>
  </XmlMapping>

  <XmlMapping Name="PlacementCursor">
    <Node Condition="$(Type) eq 'Village'">
      <GameObject Name="($(PlacementCursorClass))" Prefab="Prefabs/Environments/PointsOfInterest/$(PlacementCursorClass)_$(Type)"/>
    </Node>

    <Node Condition="$(ConstructibleElementCategory) eq 'PointOfInterestImprovement'">
      <Node Condition="$(Type) eq 'ResourceDeposit'">
        <GameObject Name="($(PlacementCursorClass)_Ghost)" Prefab="Prefabs/Cities/$(AffinityMapping)/$(PlacementCursorClass)_$(Type)_$(ResourceType)"/>
        <Fallback>
          <GameObject Name="($(PlacementCursorClass)_Ghost)" Prefab="Prefabs/Cities/BrokenLords/$(PlacementCursorClass)_$(Type)_$(ResourceType)"/>
        </Fallback>
      </Node>

      <GameObject Name="($(PlacementCursorClass))" Prefab="Prefabs/Cities/$(AffinityMapping)/$(PlacementCursorClass)_$(Type)"/>
      <Fallback>
        <GameObject Name="($(PlacementCursorClass))" Prefab="Prefabs/Cities/BrokenLords/$(PlacementCursorClass)_$(Type)"/>
      </Fallback>
    </Node>

    <Node Condition="$(PlacementCursorClass) eq 'CoastalDistrictImprovementWorldPlacementCursor'">
      <GameObject Name="($(PlacementCursorClass).$(ConstructibleElement))" Prefab="Prefabs/Cities/$(AffinityMapping)/$(PlacementCursorClass)_$(ConstructibleElementName)"/>
      <Fallback>
        <GameObject Name="($(PlacementCursorClass).$(ConstructibleElement))" Prefab="Prefabs/Cities/BrokenLords/$(PlacementCursorClass)_$(ConstructibleElementName)"/>
      </Fallback>
    </Node>

    <Node Condition="$(PlacementCursorClass) eq 'ColossusWorldPlacementCursor'">
      <GameObject Name="($(PlacementCursorClass).$(ConstructibleElement))" Prefab="Prefabs/Cities/$(AffinityMapping)/ColossusWorldPlacementCursor_$(UnitBodyDefinition)"/>
      <Fallback>
        <GameObject Name="($(PlacementCursorClass).$(ConstructibleElement))" Prefab="Prefabs/Cities/BrokenLords/ColossusWorldPlacementCursor_$(UnitBodyDefinition)"/>
      </Fallback>
    </Node>
    
    <GameObject Name="($(PlacementCursorClass))" Prefab="Prefabs/Cities/$(AffinityMapping)/$(PlacementCursorClass)"/>
    <Fallback>
      <GameObject Name="($(PlacementCursorClass))" Prefab="Prefabs/Cities/BrokenLords/$(PlacementCursorClass)"/>
    </Fallback>
  </XmlMapping>

  <XmlMapping Name="PlacementCursor.Ghost">
    <Node Condition="$(Type) eq 'Pillar'">
      <GameObject Name="($(PlacementCursorClass))" Prefab="Prefabs/Pillars/$(PillarDefinitionName)_Ghost"/>
    </Node>

    <Node Condition="$(Type) eq 'Spell'">
      <GameObject Name="($(PlacementCursorClass))" Prefab="Prefabs/Effects/Spells/$(SpellDefinitionName)_GhostIdle"/>
      <Fallback>
        <GameObject Name="($(PlacementCursorClass))" Prefab="Prefabs/Pillars/Pillar1_Ghost"/>
      </Fallback>
    </Node>

    <Node Condition="$(Type) eq 'Village'">
      <GameObject Name="($(PlacementCursorClass))" Prefab="Prefabs/Environments/PointsOfInterest/$(PlacementCursorClass)_$(Type)_Ghost_00"/>
    </Node>

    <Node Condition="$(ConstructibleElementCategory) eq 'PointOfInterestImprovement'">
      <GameObject Name="($(PlacementCursorClass)_Ghost)" Prefab="Prefabs/Cities/$(AffinityMapping)/$(PlacementCursorClass)_$(Type)_Ghost_00"/>
      <Fallback>
        <GameObject Name="($(PlacementCursorClass)_Ghost)" Prefab="Prefabs/Cities/BrokenLords/$(PlacementCursorClass)_$(Type)_Ghost_00"/>
      </Fallback>
    </Node>

    <Node Condition="$(Type) eq 'ResourceDeposit'">
      <GameObject Name="($(PlacementCursorClass)_Ghost)" Prefab="Prefabs/Cities/$(AffinityMapping)/$(PlacementCursorClass)_$(Type)_Ghost_$(ResourceType)_00"/>
      <Fallback>
        <GameObject Name="($(PlacementCursorClass)_Ghost)" Prefab="Prefabs/Cities/BrokenLords/$(PlacementCursorClass)_$(Type)_Ghost_$(ResourceType)_00"/>
      </Fallback>
    </Node>

    <Node Condition="$(PlacementCursorClass) eq 'CoastalDistrictImprovementWorldPlacementCursor'">
      <GameObject Name="($(ConstructibleElement)_Ghost)" Prefab="Prefabs/Cities/$(AffinityMapping)/$(PlacementCursorClass)_$(ConstructibleElementName)_Ghost_00"/>
      <Fallback>
        <GameObject Name="($(ConstructibleElement)_Ghost)" Prefab="Prefabs/Cities/BrokenLords/$(PlacementCursorClass)_$(ConstructibleElementName)_Ghost_00"/>
      </Fallback>
    </Node>

    <GameObject Name="($(PlacementCursorClass)_Ghost)" Prefab="Prefabs/Cities/$(AffinityMapping)/$(PlacementCursorClass)_Ghost_00"/>
    <Fallback>
      <GameObject Name="($(PlacementCursorClass)_Ghost)" Prefab="Prefabs/Cities/BrokenLords/$(PlacementCursorClass)_Ghost_00"/>
    </Fallback>
  </XmlMapping>

  <XmlMapping Name="PointOfInterest.FX">
    <GameObject Name="PointOfInterestFX:$Descriptor(PointOfInterestType)" Prefab="Prefabs/Environments/PointsOfInterest/FXs/PointOfInterestFx_$(Type)_$(Interaction)_00"/>
  </XmlMapping>

  <XmlMapping Name="PointOfInterest.Icon">
    <Node Condition="$(Type) eq 'QuestLocation'">
      <GameObject Name="PointOfInterestIcon:$Descriptor(PointOfInterestType)" Prefab="Prefabs/Environments/PointsOfInterest/Icons/PointOfInterestIcon_$(Type)_$(QuestLocationType)_$(Interaction)_00"/>
    </Node>

    <Variation Weights="1" Values="NonExploited"/>
    <Node Condition="$Path(ExploitedPointOfInterest)">
      <Variation Weights="1" Values="Exploited"/>
    </Node>

    <Node Condition="$(Type) eq 'ResourceDeposit'">
      <GameObject Name="PointOfInterestIcon:$Descriptor(PointOfInterestType)" Prefab="Prefabs/Environments/PointsOfInterest/Icons/PointOfInterestIcon_$(Type)_$(ResourceName)_$(Variation)_00"/>
    </Node>

    <Node Condition="$Path(PointOfInterestTypeVillage,!PacifiedVillage)">
      <Variation Weights="1" Values="Hostile"/>
    </Node>

    <Node Condition="$Path(PacifiedVillage,!ExploitedPointOfInterest)">
      <Variation Weights="1" Values="Destroyed"/>
    </Node>

    <GameObject Name="PointOfInterestIcon:$Descriptor(PointOfInterestType)" Prefab="Prefabs/Environments/PointsOfInterest/Icons/PointOfInterestIcon_$(Type)_$(Variation)_00"/>
  </XmlMapping>

  <XmlMapping Name="PointOfInterest.Improvement">
    <Node Condition="$(Type) eq 'Village'">
      <GameObject Name="PointOfInterest:$Descriptor(PointOfInterestImprovement)" Prefab="Prefabs/Environments/PointsOfInterest/PointOfInterestImprovement_$Descriptor(PointOfInterestImprovement)_00"/>
      <Fallback>
        <GameObject Name="PointOfInterest:$Descriptor(PointOfInterestImprovement)" Prefab="Prefabs/Environments/PointsOfInterest/PointOfInterestImprovement_$(Type)_$(AffinityMapping)_Destroyed_00"/>
      </Fallback>
    </Node>

    <Node Condition="$(Type) eq 'ResourceDeposit'">
      <GameObject Name="PointOfInterest:$Descriptor(PointOfInterestImprovement)" Prefab="Prefabs/Cities/$Descriptor(AffinityMapping)/PointOfInterestImprovement_ResourceExtractor_$(ResourceType)_00"/>
      <Fallback>
        <GameObject Name="PointOfInterest:$Descriptor(PointOfInterestImprovement)" Prefab="Prefabs/Cities/$Descriptor(...:AffinityMapping)/PointOfInterestImprovement_ResourceExtractor_$(ResourceType)_00"/>
        <Fallback>
          <GameObject Name="PointOfInterest:$Descriptor(PointOfInterestImprovement)" Prefab="Prefabs/Cities/BrokenLords/PointOfInterestImprovement_ResourceExtractor_$(ResourceType)_00"/>
        </Fallback>
      </Fallback>
    </Node>

    <GameObject Name="PointOfInterest:$Descriptor(PointOfInterestImprovement)" Prefab="Prefabs/Cities/$Descriptor(AffinityMapping)/PointOfInterestImprovement_$Descriptor(PointOfInterestImprovement)_00"/>
    <Fallback>
      <GameObject Name="PointOfInterest:$Descriptor(PointOfInterestImprovement)" Prefab="Prefabs/Cities/$Descriptor(AffinityMapping)/PointOfInterestImprovement_$(Type)_00"/>
      <Fallback>
        <GameObject Name="PointOfInterest:$Descriptor(PointOfInterestImprovement)" Prefab="Prefabs/Cities/$Descriptor(...:AffinityMapping)/PointOfInterestImprovement_$Descriptor(PointOfInterestImprovement)_00"/>
        <Fallback>
          <GameObject Name="PointOfInterest:$Descriptor(PointOfInterestImprovement)" Prefab="Prefabs/Cities/$Descriptor(...:AffinityMapping)/PointOfInterestImprovement_$(Type)_00"/>
          <Fallback>
            <GameObject Name="PointOfInterest:$Descriptor(PointOfInterestImprovement)" Prefab="Prefabs/Cities/BrokenLords/PointOfInterestImprovement_$Descriptor(PointOfInterestImprovement)_00"/>
            <Fallback>
              <GameObject Name="PointOfInterest:$Descriptor(PointOfInterestImprovement)" Prefab="Prefabs/Cities/BrokenLords/PointOfInterestImprovement_$(Type)_00"/>
            </Fallback>
          </Fallback>
        </Fallback>
      </Fallback>
    </Fallback>
  </XmlMapping>

  <XmlMapping Name="PointOfInterest.NoImprovement">
    <Node Condition="$(Type) eq 'Village'">
      <GameObject Name="PointOfInterest:$Descriptor(PointOfInterestImprovement)" Prefab="Prefabs/Environments/PointsOfInterest/PointOfInterestImprovement_$(Type)_$(AffinityMapping)_Destroyed_00"/>
    </Node>
  </XmlMapping>

  <XmlMapping Name="TransferUnitsPlacementCursor">
    <GameObject Name="TransferUnitsWorldPlacementCursor" Prefab="Prefabs/Armies/TransferUnitsWorldPlacementCursor"/>
  </XmlMapping>

  <XmlMapping Name="TransferUnitsPlacementCursor.Destination">
    <GameObject Name="TransferUnitsWorldPlacementCursor" Prefab="Prefabs/Armies/TransferUnitsWorldPlacementCursor_Destination"/>
  </XmlMapping>

  <XmlMapping Name="TeleportCursor.Origin">
    <GameObject Name="TeleportCursor" Prefab="Prefabs/Armies/TeleportCursor_Origin"/>
  </XmlMapping>

  <XmlMapping Name="TeleportCursor.Destination">
    <GameObject Name="TeleportCursor" Prefab="Prefabs/Armies/TeleportCursor_Destination"/>
  </XmlMapping>

  <XmlMapping Name="UnitMoveFx">
    <GameObject Name="Fx_UnitMove_$Descriptor(../ClassUnit:UnitType)" Prefab="Prefabs/Effects/UnitMove/Fx_UnitMove_$Descriptor(../ClassUnit:UnitType)"/>
  </XmlMapping>

  <XmlMapping Name="WorldDistrict">
    <Variation Weights="1" Values="00"/>

    <Node Condition="$Descriptor(DistrictType) eq 'Extension'" >
      <Variation Weights="25;25;25;25" Values="00;01;02;03"/>
      <Node Condition="$Path(TerrainTagPointOfInterest)">
        <Variation Weights="1" Values="10"/>
      </Node>
    </Node>

    <Node Condition="($Descriptor(DistrictType) eq 'Center')" >
      <Node Condition="$Path(TerrainTagPointOfInterest)">
        <Variation Weights="1" Values="10"/>
      </Node>
    </Node>

    <Node Condition="$Path(DistrictTypeExploitation)" >
      <Node Condition="$Path(TerrainTagForest)">
        <Variation Weights="1" Values="10"/>
      </Node>
      <Node Condition="($Path(TerrainTagWater) or $Path(TerrainTypeOcean))">
        <Variation Weights="1" Values="20"/>
      </Node>
    </Node>

    <Node Condition="$Descriptor(DistrictType) eq 'Improvement'">
      <Node Condition="$Path(TerrainTagWater)">
        <Variation Weights="1" Values="20"/>
      </Node>
      <GameObject Name="WorldDistrict:$Descriptor(DistrictType)_$Descriptor(DistrictImprovement)_$(Variation)" Prefab="Prefabs/Cities/$Descriptor(...:AffinityMapping)/District_$Descriptor(DistrictType)_$Descriptor(DistrictImprovement)_$(Variation)"/>
    </Node>

    <Fallback>
      <GameObject Name="WorldDistrict:$Descriptor(DistrictType)_01_$(Variation)" Prefab="Prefabs/Cities/$Descriptor(...:AffinityMapping)/District_$Descriptor(DistrictType)_Level02_$(Variation)" Condition="$Property(Level) ge 2"/>
      <Fallback>
        <GameObject Name="WorldDistrict:$Descriptor(DistrictType)_02_$(Variation)" Prefab="Prefabs/Cities/$Descriptor(...:AffinityMapping)/District_$Descriptor(DistrictType)_Level01_$(Variation)" Condition="$Property(Level) ge 1"/>
        <Fallback>
          <GameObject Name="WorldDistrict:$Descriptor(DistrictType)_03_$(Variation)" Prefab="Prefabs/Cities/$Descriptor(...:AffinityMapping)/District_$Descriptor(DistrictType)_Level00_$(Variation)"/>
          <Fallback>
            <GameObject Name="WorldDistrict:$Descriptor(DistrictType)_04_$(Variation)" Prefab="Prefabs/Cities/Districts/$Descriptor(BiomeType)/District_$Descriptor(DistrictType)_Level00_$(Variation)"/>
            <!-- Try the default affinity mapping. -->
            <Fallback>
              <GameObject Name="WorldDistrict:$Descriptor(DistrictType)_05_$(Variation)" Prefab="Prefabs/Cities/BrokenLords/District_$Descriptor(DistrictType)_Level02_$(Variation)" Condition="$Property(Level) ge 2"/>
              <Fallback>
                <GameObject Name="WorldDistrict:$Descriptor(DistrictType)_06_$(Variation)" Prefab="Prefabs/Cities/BrokenLords/District_$Descriptor(DistrictType)_Level01_$(Variation)" Condition="$Property(Level) ge 1"/>
                <Fallback>
                  <GameObject Name="WorldDistrict:$Descriptor(DistrictType)_07_$(Variation)" Prefab="Prefabs/Cities/BrokenLords/District_$Descriptor(DistrictType)_Level00_$(Variation)"/>
                  <Fallback>
                    <GameObject Name="WorldDistrict:$Descriptor(DistrictType)_08_$(Variation)" Prefab="Prefabs/Cities/Districts/Temperate/District_$Descriptor(DistrictType)_Level00_$(Variation)"/>
                  </Fallback>
                </Fallback>
              </Fallback>
            </Fallback>
          </Fallback>
        </Fallback>
      </Fallback>
    </Fallback>
  </XmlMapping>

  <XmlMapping Name="WorldDistrict.Separation">
    <Node Condition="$(DistrictSeparationType) eq 'Fence'" >
      <Variation Weights="35;25;25;15" Values=";00;01;02"/>
      <GameObject Name="WorldDistrict.Separation ($(DistrictSeparationType))" Prefab="Prefabs/Cities/$Descriptor(...:AffinityMapping)/DistrictSeparation_$(DistrictSeparationType)_$(Variation)"/>
      <Fallback>
        <GameObject Name="WorldDistrict.Separation ($(DistrictSeparationType))" Prefab="Prefabs/Cities/BrokenLords/DistrictSeparation_$(DistrictSeparationType)_$(Variation)"/>
      </Fallback>
    </Node>
    <Node Condition="$(DistrictSeparationType) eq 'Battlement'" >
      <Variation Weights="50;30;20" Values="00;01;02"/>
      <GameObject Name="WorldDistrict.Separation ($(DistrictSeparationType))" Prefab="Prefabs/Cities/$Descriptor(...:AffinityMapping)/DistrictSeparation_$(DistrictSeparationType)_$(Variation)"/>
      <Fallback>
        <GameObject Name="WorldDistrict.Separation ($(DistrictSeparationType))" Prefab="Prefabs/Cities/BrokenLords/DistrictSeparation_$(DistrictSeparationType)_$(Variation)"/>
      </Fallback>
    </Node>
    <Node Condition="$(DistrictSeparationType) eq 'BattlementDoor'" >
      <GameObject Name="WorldDistrict.Separation ($(DistrictSeparationType))" Prefab="Prefabs/Cities/$Descriptor(...:AffinityMapping)/DistrictSeparation_Battlement_Door_00"/>
      <Fallback>
        <GameObject Name="WorldDistrict.Separation ($(DistrictSeparationType))" Prefab="Prefabs/Cities/BrokenLords/DistrictSeparation_Battlement_Door_00"/>
      </Fallback>
    </Node>
    <Node Condition="$(DistrictSeparationType) eq 'OutsideSiege'" >
      <Variation Weights="40;20;20;20" Values="00;01;02;03"/>
      <GameObject Name="WorldDistrict.Separation ($(DistrictSeparationType))" Prefab="Prefabs/Cities/$(BesiegingAffinityMapping)/DistrictSeparation_$(DistrictSeparationType)_$(Variation)"/>
      <Fallback>
        <GameObject Name="WorldDistrict.Separation ($(DistrictSeparationType))" Prefab="Prefabs/Cities/BrokenLords/DistrictSeparation_$(DistrictSeparationType)_$(Variation)"/>
      </Fallback>
    </Node>
    <Node Condition="$(DistrictSeparationType) eq 'InsideSiege'" >
      <Variation Weights="40;20;20;20" Values="00;01;02;03"/>
      <GameObject Name="WorldDistrict.Separation ($(DistrictSeparationType))" Prefab="Prefabs/Cities/$(BesiegingAffinityMapping)/DistrictSeparation_Siege_Inside_$(Variation)"/>
      <Fallback>
        <GameObject Name="WorldDistrict.Separation ($(DistrictSeparationType))" Prefab="Prefabs/Cities/BrokenLords/DistrictSeparation_Siege_Inside_$(Variation)"/>
      </Fallback>
    </Node>
  </XmlMapping>

  <XmlMapping Name="WorldDistrict.Siege">
    <Variation Weights="40;20;20;20" Values="00;01;02;03"/>
    <GameObject Name="WorldDistrict.Siege" Prefab="Prefabs/Cities/$(BesiegingAffinityMapping)/DistrictSeparation_Siege_Inside_$(Variation)"/>
    <Fallback>
      <GameObject Name="WorldDistrict.Siege" Prefab="Prefabs/Cities/BrokenLords/DistrictSeparation_Siege_Inside_$(Variation)"/>
    </Fallback>
  </XmlMapping>

  <!-- When dealing with world markers, the simulation object that is used in the interpreter context is the one of the bound target. -->
  <XmlMapping Name="WorldMarker">
    <GameObject Name="WorldMarker:$(WorldMarkerType)" Prefab="Prefabs/Environments/Miscellaneous/WorldMarker_$(WorldMarkerType)_00"/>
  </XmlMapping>

  <XmlMapping Name="Banner">
    <GameObject Name="Banner" Prefab="Prefabs/Banners/Banner_$(BesiegingAffinityMapping)_Low"/>
    <Fallback>
      <GameObject Name="Banner" Prefab="Prefabs/Banners/Banner_Privateers_Low"/>
    </Fallback>
  </XmlMapping>

  <XmlMapping Name="Pillar">
    <GameObject Name="WorldPillar" Prefab="Prefabs/Cities/WorldPillar"/>
  </XmlMapping>

  <XmlMapping Name="WorldPillar">
    <GameObject Name="Banner" Prefab="Prefabs/Pillars/$(PillarDefinitionName)"/>
    <Fallback>
      <GameObject Name="Banner" Prefab="Prefabs/Banners/Banner_BrokenLords_Low"/>
    </Fallback>
  </XmlMapping>

  <XmlMapping Name="CastedSpellGhost">
    <GameObject Name="CastedSpellGhost" Prefab="Prefabs/Effects/Spells/$(SpellDefinitionName)_Ghost"/>
    <Fallback>
      <GameObject Name="CastedSpellGhost" Prefab="Prefabs/Pillars/Pillar6_Ghost"/>
    </Fallback>
  </XmlMapping>

  <XmlMapping Name="WorldPawn">
    <GameObject Name="$Descriptor(UnitType)" Prefab="Prefabs/Armies/$Descriptor(CustomMapping)$Descriptor(:Variation)"/>
    <Fallback>
      <GameObject Name="$Descriptor(UnitType)" Prefab="Prefabs/Armies/$(BodyDefinitionName)$Descriptor(:Variation)"/>
      <Fallback>
        <GameObject Name="$Descriptor(UnitType)" Prefab="Prefabs/Armies/$(BodyDefinitionName)"/>
        <Fallback>
          <GameObject Name="DefaultPawn" Prefab="#Default World Mapping/#DefaultPawnPrefab"/>
        </Fallback>
      </Fallback>
    </Fallback>
  </XmlMapping>


  <XmlMapping Name="WorldPawn.Sails">
    <GameObject Name="SailingShip" Prefab="Prefabs/Armies/SailingShips/SailingShipPrivateers" Condition="$Path(../ClassArmy,Privateers)"/>
    <Fallback>
      <GameObject Name="SailingShip" Prefab="Prefabs/Armies/SailingShips/SailingShip$Descriptor(...:AffinityMapping)"/>
      <Fallback>
        <GameObject Name="SailingShip" Prefab="Prefabs/Armies/SailingShips/Default"/>
      </Fallback>
    </Fallback>
  </XmlMapping>

  <XmlMapping Name="WorldUnit">
    <GameObject Name="WorldUnit" Prefab="Prefabs/Armies/WorldUnit"/>
  </XmlMapping>

</Datatable>